{
	"checkpoint_x": -0.07265470176935,
	"checkpoint_y": 0,
	"checkpoint_z": -31.8255996704102
}